chr12	68153816	68154366
chr12	68392448	68392998
chr12	68412675	68413225
chr12	68437592	68438142
chr12	68503151	68503701
chr12	68507857	68508407
chr12	68563463	68564013
chr12	68625407	68625957
chr12	68628307	68628857
chr12	68656088	68656638
chr12	68658710	68659260
chr12	68673424	68673974
chr12	68151866	68152416
chr12	68212325	68212875
chr12	68275563	68276113
chr12	68279622	68280172
chr12	68286444	68286994
chr12	68554025	68554575
chr12	68072832	68073382
chr12	68086224	68086774
chr12	68091681	68092231
chr12	68093355	68093905
chr12	68198425	68198975
chr12	68222252	68222802
chr12	68294694	68295244
chr12	68337483	68338033
chr12	68383581	68384131
chr12	68385482	68386032
chr12	68395776	68396326
chr12	68406868	68407418
chr12	68426539	68427089
chr12	68431715	68432265
chr12	68436518	68437068
chr12	68476033	68476583
chr12	68488671	68489221
chr12	68500513	68501063
chr12	68514167	68514717
chr12	68515649	68516199
chr12	68532565	68533115
chr12	68547490	68548040
chr12	68557955	68558505
chr12	68570215	68570765
chr12	68575421	68575971
chr12	68584339	68584889
chr12	68592717	68593267
chr12	68617412	68617962
chr12	68630900	68631450
chr12	68635270	68635820
chr12	68653562	68654112
chr12	68662392	68662942
chr12	68664063	68664613
chr12	68671944	68672494
chr12	68675807	68676357
chr12	68684502	68685052
chr12	68597906	68598456
chr12	68603954	68604504
chr12	68070886	68071436
chr12	68082623	68083173
chr12	68139681	68140231
chr12	68180620	68181170
chr12	68182700	68183250
chr12	68189069	68189619
chr12	68204390	68204940
chr12	68230030	68230580
chr12	68254021	68254571
chr12	68281679	68282229
chr12	68283583	68284133
chr12	68288742	68289292
chr12	68300226	68300776
chr12	68314383	68314933
chr12	68316836	68317386
chr12	68367920	68368470
chr12	68372309	68372859
chr12	68381990	68382540
chr12	68425079	68425629
chr12	68428891	68429441
chr12	68453598	68454148
chr12	68457434	68457984
chr12	68490668	68491218
chr12	68521543	68522093
chr12	68542510	68543060
chr12	68572365	68572915
chr12	68638331	68638881
chr12	68679560	68680110
chr12	68686894	68687444
