ROI	LeftFlank	RightFlank	Type	Size
chr12-68153579-68153816	chr12-68153029-68153579	chr12-68153816-68154366	CandidateEnhancer	237
chr12-68392183-68392448	chr12-68391633-68392183	chr12-68392448-68392998	CandidateEnhancer	265
chr12-68412220-68412675	chr12-68411670-68412220	chr12-68412675-68413225	CandidateEnhancer	455
chr12-68437225-68437592	chr12-68436675-68437225	chr12-68437592-68438142	CandidateEnhancer	367
chr12-68502828-68503151	chr12-68502278-68502828	chr12-68503151-68503701	CandidateEnhancer	323
chr12-68507392-68507857	chr12-68506842-68507392	chr12-68507857-68508407	CandidateEnhancer	465
chr12-68563164-68563463	chr12-68562614-68563164	chr12-68563463-68564013	CandidateEnhancer	299
chr12-68625035-68625407	chr12-68624485-68625035	chr12-68625407-68625957	CandidateEnhancer	372
chr12-68628018-68628307	chr12-68627468-68628018	chr12-68628307-68628857	CandidateEnhancer	289
chr12-68655680-68656088	chr12-68655130-68655680	chr12-68656088-68656638	CandidateEnhancer	408
chr12-68658371-68658710	chr12-68657821-68658371	chr12-68658710-68659260	CandidateEnhancer	339
chr12-68673008-68673424	chr12-68672458-68673008	chr12-68673424-68673974	CandidateEnhancer	416
chr12-68151494-68151866	chr12-68150944-68151494	chr12-68151866-68152416	CCR	372
chr12-68212088-68212325	chr12-68211538-68212088	chr12-68212325-68212875	CCR	237
chr12-68275298-68275563	chr12-68274748-68275298	chr12-68275563-68276113	CCR	265
chr12-68279283-68279622	chr12-68278733-68279283	chr12-68279622-68280172	CCR	339
chr12-68285989-68286444	chr12-68285439-68285989	chr12-68286444-68286994	CCR	455
chr12-68553089-68554025	chr12-68552539-68553089	chr12-68554025-68554575	IFNGpromoter	936
chr12-68072093-68072832	chr12-68071543-68072093	chr12-68072832-68073382	CandidateEnhancer	739
chr12-68085482-68086224	chr12-68084932-68085482	chr12-68086224-68086774	CandidateEnhancer	742
chr12-68091177-68091681	chr12-68090627-68091177	chr12-68091681-68092231	CandidateEnhancer	504
chr12-68092416-68093355	chr12-68091866-68092416	chr12-68093355-68093905	CandidateEnhancer	939
chr12-68197237-68198425	chr12-68196687-68197237	chr12-68198425-68198975	CandidateEnhancer	1188
chr12-68221250-68222252	chr12-68220700-68221250	chr12-68222252-68222802	CandidateEnhancer	1002
chr12-68294150-68294694	chr12-68293600-68294150	chr12-68294694-68295244	CandidateEnhancer	544
chr12-68336941-68337483	chr12-68336391-68336941	chr12-68337483-68338033	CandidateEnhancer	542
chr12-68382871-68383581	chr12-68382321-68382871	chr12-68383581-68384131	CandidateEnhancer	710
chr12-68384228-68385482	chr12-68383678-68384228	chr12-68385482-68386032	CandidateEnhancer	1254
chr12-68394961-68395776	chr12-68394411-68394961	chr12-68395776-68396326	CandidateEnhancer	815
chr12-68404631-68406868	chr12-68404081-68404631	chr12-68406868-68407418	CandidateEnhancer	2237
chr12-68425843-68426539	chr12-68425293-68425843	chr12-68426539-68427089	CandidateEnhancer	696
chr12-68430416-68431715	chr12-68429866-68430416	chr12-68431715-68432265	CandidateEnhancer	1299
chr12-68436052-68436518	chr12-68435502-68436052	chr12-68436518-68437068	CandidateEnhancer	466
chr12-68474259-68476033	chr12-68473709-68474259	chr12-68476033-68476583	CandidateEnhancer	1774
chr12-68487988-68488671	chr12-68487438-68487988	chr12-68488671-68489221	CandidateEnhancer	683
chr12-68499839-68500513	chr12-68499289-68499839	chr12-68500513-68501063	CandidateEnhancer	674
chr12-68513016-68514167	chr12-68512466-68513016	chr12-68514167-68514717	CandidateEnhancer	1151
chr12-68514870-68515649	chr12-68514320-68514870	chr12-68515649-68516199	CandidateEnhancer	779
chr12-68530922-68532565	chr12-68530372-68530922	chr12-68532565-68533115	CandidateEnhancer	1643
chr12-68546605-68547490	chr12-68546055-68546605	chr12-68547490-68548040	CandidateEnhancer	885
chr12-68557135-68557955	chr12-68556585-68557135	chr12-68557955-68558505	CandidateEnhancer	820
chr12-68567666-68570215	chr12-68567116-68567666	chr12-68570215-68570765	CandidateEnhancer	2549
chr12-68574649-68575421	chr12-68574099-68574649	chr12-68575421-68575971	CandidateEnhancer	772
chr12-68583536-68584339	chr12-68582986-68583536	chr12-68584339-68584889	CandidateEnhancer	803
chr12-68592285-68592717	chr12-68591735-68592285	chr12-68592717-68593267	CandidateEnhancer	432
chr12-68616642-68617412	chr12-68616092-68616642	chr12-68617412-68617962	CandidateEnhancer	770
chr12-68630213-68630900	chr12-68629663-68630213	chr12-68630900-68631450	CandidateEnhancer	687
chr12-68634611-68635270	chr12-68634061-68634611	chr12-68635270-68635820	CandidateEnhancer	659
chr12-68653070-68653562	chr12-68652520-68653070	chr12-68653562-68654112	CandidateEnhancer	492
chr12-68660808-68662392	chr12-68660258-68660808	chr12-68662392-68662942	CandidateEnhancer	1584
chr12-68663573-68664063	chr12-68663023-68663573	chr12-68664063-68664613	CandidateEnhancer	490
chr12-68671459-68671944	chr12-68670909-68671459	chr12-68671944-68672494	CandidateEnhancer	485
chr12-68675078-68675807	chr12-68674528-68675078	chr12-68675807-68676357	CandidateEnhancer	729
chr12-68683718-68684502	chr12-68683168-68683718	chr12-68684502-68685052	CandidateEnhancer	784
chr12-68597069-68597906	chr12-68596519-68597069	chr12-68597906-68598456	CandidateEnhancer	837
chr12-68603186-68603954	chr12-68602636-68603186	chr12-68603954-68604504	CandidateEnhancer	768
chr12-68070394-68070886	chr12-68069844-68070394	chr12-68070886-68071436	CCR	492
chr12-68081940-68082623	chr12-68081390-68081940	chr12-68082623-68083173	CCR	683
chr12-68138530-68139681	chr12-68137980-68138530	chr12-68139681-68140231	CCR	1151
chr12-68179933-68180620	chr12-68179383-68179933	chr12-68180620-68181170	CCR	687
chr12-68181880-68182700	chr12-68181330-68181880	chr12-68182700-68183250	CCR	820
chr12-68188254-68189069	chr12-68187704-68188254	chr12-68189069-68189619	CCR	815
chr12-68203716-68204390	chr12-68203166-68203716	chr12-68204390-68204940	CCR	674
chr12-68229371-68230030	chr12-68228821-68229371	chr12-68230030-68230580	CCR	659
chr12-68253218-68254021	chr12-68252668-68253218	chr12-68254021-68254571	CCR	803
chr12-68280907-68281679	chr12-68280357-68280907	chr12-68281679-68282229	CCR	772
chr12-68282647-68283583	chr12-68282097-68282647	chr12-68283583-68284133	CCR	936
chr12-68287443-68288742	chr12-68286893-68287443	chr12-68288742-68289292	CCR	1299
chr12-68297677-68300226	chr12-68297127-68297677	chr12-68300226-68300776	CCR	2549
chr12-68313381-68314383	chr12-68312831-68313381	chr12-68314383-68314933	CCR	1002
chr12-68316140-68316836	chr12-68315590-68316140	chr12-68316836-68317386	CCR	696
chr12-68367136-68367920	chr12-68366586-68367136	chr12-68367920-68368470	CCR	784
chr12-68371539-68372309	chr12-68370989-68371539	chr12-68372309-68372859	CCR	770
chr12-68381222-68381990	chr12-68380672-68381222	chr12-68381990-68382540	CCR	768
chr12-68423825-68425079	chr12-68423275-68423825	chr12-68425079-68425629	CCR	1254
chr12-68427307-68428891	chr12-68426757-68427307	chr12-68428891-68429441	CCR	1584
chr12-68452659-68453598	chr12-68452109-68452659	chr12-68453598-68454148	CCR	939
chr12-68456949-68457434	chr12-68456399-68456949	chr12-68457434-68457984	CCR	485
chr12-68490126-68490668	chr12-68489576-68490126	chr12-68490668-68491218	CCR	542
chr12-68521053-68521543	chr12-68520503-68521053	chr12-68521543-68522093	CCR	490
chr12-68541966-68542510	chr12-68541416-68541966	chr12-68542510-68543060	CCR	544
chr12-68571177-68572365	chr12-68570627-68571177	chr12-68572365-68572915	CCR	1188
chr12-68637592-68638331	chr12-68637042-68637592	chr12-68638331-68638881	CCR	739
chr12-68677917-68679560	chr12-68677367-68677917	chr12-68679560-68680110	CCR	1643
chr12-68686462-68686894	chr12-68685912-68686462	chr12-68686894-68687444	CCR	432
